Date,Close,High,Low,Open,Volume,MA_20,Daily_Return_%,Volatility_20
2025-09-03,216254.75,218207.3888261851,213325.79176072235,213325.79176072235,459718,,,
2025-09-04,216254.75,216254.75,214302.1111738149,215766.59029345372,249504,,0.0,
2025-09-05,214790.28125,217231.07990056818,214302.12151988636,216742.92017045454,245652,,-0.6771961078311572,
2025-09-08,213325.78125,213325.78125,210396.8231550343,212837.6215675057,382254,,-0.6818278701797631,
2025-09-09,213813.9375,215278.41652397258,213325.77782534246,214302.09717465754,407652,,0.2288313429064326,
2025-09-10,215278.4375,216742.91666666666,213813.9583333333,214302.11805555553,427432,,0.6849413172609564,
2025-09-11,217719.21875,217719.21875,213813.9412836323,216254.7397001121,569436,,1.1337787835811408,
2025-09-12,218207.390625,218695.55033557047,215278.43236157717,217231.07120385906,666184,,0.2242208463739459,
2025-09-15,209908.671875,216254.7480014535,209908.671875,216254.7480014535,1712249,,-3.8031336730760645,
2025-09-16,209908.671875,211373.15098110467,209908.671875,210884.99127906977,492855,,0.0,
2025-09-17,210885.0,211373.15972222222,209908.68055555553,210885.0,412548,,0.4651204337005277,
2025-09-18,211373.15625,213325.79510681293,209908.67710739028,211373.15625,652885,,0.231479834981152,
2025-09-22,212837.625,213813.94438073394,209420.5071674312,209908.66685779818,499195,,0.6928357299391008,
2025-09-23,213813.9375,214790.25684931508,212349.4584760274,212349.4584760274,473760,,0.45871236347427846,
2025-09-24,212349.484375,214302.12331178162,211373.1649066092,212837.64410919542,383310,,-0.6849193939941323,
2025-09-25,211861.3125,212349.4722062212,210396.8333813364,211861.3125,509882,,-0.22989077484073528,
2025-09-26,209420.5,210396.81934731934,207956.02097902098,209908.65967365968,448652,,-1.1520803261331647,
2025-09-29,209908.671875,211373.15098110467,208932.35247093023,210396.8315770349,339105,,0.2331060593399492,
2025-09-30,209908.671875,210884.99127906977,208932.35247093023,208932.35247093023,339691,,0.0,
2025-10-01,210396.828125,211861.30720707658,209908.66843097447,210396.828125,297048,212910.85390625,0.23255649499354103,
2025-10-02,214790.28125,217719.2396306818,211373.16313920452,211373.16313920452,1099674,212837.63046875,2.088174600422099,1.1357268886265288
2025-10-10,211861.3125,215034.35059043777,211373.1527937788,213813.95132488478,779161,212617.95859375,-1.363641191284115,1.1742512844389874
2025-10-13,213325.78125,214302.10061498854,208932.34410755147,209420.50379004577,544349,212544.73359375,0.6912393455506427,1.1784609807504318
2025-10-14,217719.21875,219671.85748318388,212837.62191704038,213325.78160033634,885802,212764.40546875,2.0594967351139193,1.2552718043218067
2025-10-15,218207.390625,218695.55033557047,214790.27265100673,217719.23091442953,670710,212984.078125,0.2242208463739459,1.2552491674256474
2025-10-16,236269.296875,239198.25510072315,228458.74160640495,231387.6998321281,2115204,214033.62109375,8.277403528022687,2.217650150753419
2025-10-17,237245.609375,240174.5675154321,233828.4915444959,235292.97061471196,994190,215009.940625,0.4132202164704113,2.2124696750671804
2025-10-20,242127.203125,246032.48059475806,235781.12723664314,245544.3209110383,1155423,216205.93125,2.0576118406827826,2.240302337447783
2025-10-21,250425.9375,260677.29166666666,245544.34027777778,246032.5,2002410,218231.79453125,3.427427512436809,2.0794020482748774
2025-10-22,254819.359375,258724.63691331417,248473.28337523947,258724.63691331417,1060973,220477.32890625,1.7543797255425986,2.076168036548241
2025-10-23,246032.484375,252378.5603608631,245056.16499255953,250425.92159598216,909720,222234.703125,-3.448276073510159,2.300869197953726
2025-10-24,246520.65625,247985.13539603958,242127.21881188118,247496.97568069305,775983,223992.078125,0.19841765051478166,2.301309599750181
2025-10-27,248473.28125,253354.8781311395,247008.80218565816,247496.96187377212,763121,225773.8609375,0.7920735851115968,2.301181304867136
2025-10-28,244568.015625,247496.9738959581,243103.53648952098,247496.9738959581,677447,227311.56484375,-1.5717044526291524,2.361105708444205
2025-10-29,251890.40625,253354.88535610467,245056.17042151163,248473.28833575582,937830,229288.6109375,2.994009910203288,2.390659152367201
2025-10-30,258724.625,282644.4488207547,256771.98632075472,280691.81014150946,2958411,231631.7765625,2.713171514447077,2.4090014425544277
2025-10-31,283132.65625,287037.9342672414,264094.4259159483,267023.3844288793,3631736,235317.384375,9.433980723713486,2.9956339027973113
2025-11-03,284597.125,290943.20154373924,281180.0068610635,290455.0418096055,1498016,239051.80703125,0.5172376685177893,2.989676106079472
2025-11-04,269464.1875,281668.1814990942,269464.1875,279715.54245923914,1416294,242029.5828125,-5.317319175307899,3.3515908251748066
2025-11-05,262141.765625,265070.7239001397,252866.7310870577,263606.24476256984,1420277,244616.8296875,-2.717400758495969,3.4644529917646896
2025-11-06,262629.9375,268487.85432156135,258236.499883829,267999.6945864312,686561,247008.8125,0.18622437894857402,3.463772117742474
2025-11-07,257748.328125,260677.2863991477,253354.8907137784,254819.36985085226,666772,249303.16328125,-1.8587406376700644,3.483762420920279
2025-11-10,264094.40625,267511.52426062844,258724.64937615526,260189.12852356746,692464,251841.59453125,2.4621219354417523,3.4968759244098044
2025-11-11,262629.9375,267511.5348513011,261165.45829460965,266047.0556459108,494203,254087.13046875,-0.5545247136411136,3.5091313111314424
2025-11-12,268976.03125,271904.98984800366,263118.11405399273,265070.7531193285,807526,256625.5625,2.4163634239146914,3.5178764193105296
2025-11-13,271904.96875,272393.128478456,266047.0520085278,266535.21173698385,681153,258407.34609375,1.088921375777785,3.0878472210757626
2025-11-14,266047.03125,271416.7878440367,265558.87155963306,266047.03125,579023,259847.4171875,-2.154406198213321,3.1551998897905333
2025-11-17,265070.71875,268975.99637430935,265070.71875,268975.99637430935,384305,260994.59296875,-0.36696989077941167,3.1436539015301994
2025-11-18,258236.5,265070.73629489605,257260.1805293006,262629.93761814747,475705,261385.12109375,-2.578262428316591,3.13610619285007
2025-11-19,257748.328125,265558.88352272724,255307.5295632102,265558.88352272724,413452,261531.56953125,-0.18904061780576908,3.1154319731748976
2025-11-20,255795.6875,261165.4442986641,255795.6875,260677.28458969467,501196,262019.7296875,-0.757576446452457,3.0103614756869943
2025-11-21,253354.890625,254819.36976156067,248473.29350313102,248961.45321531792,538414,262361.44140625,-0.9541978204773316,3.0221453781121523
2025-11-24,251402.25,255795.68737864078,251402.25,255795.68737864078,610389,262507.88984375,-0.7707136105338352,3.0256664481311955
2025-11-25,251402.25,255795.68737864078,250425.93058252428,254819.36796116506,390393,262849.6015625,0.0,3.0002373167093377
2025-11-26,255307.515625,255795.67531070748,253354.87688217018,254331.1962535851,402781,263020.45703125,1.5533932671644823,2.9459143673457397
2025-11-27,257771.875,258757.61830783938,255800.3883843212,257771.875,289061,262972.81953125,0.9652514023988701,2.889943227488079
2025-11-28,257771.875,261714.84823135755,255307.51673040152,257771.875,511004,261704.78046875,0.0,1.858340073436649
2025-12-01,250871.671875,257771.87503069744,249885.92856704321,257279.00337671905,555473,260018.5078125,-2.6768642331518877,1.9073117352160176
2025-12-02,262207.71875,263686.33370535716,253336.02901785716,253828.90066964287,1084944,259655.684375,4.518663582171345,1.898050008896528
2025-12-03,262700.59375,263686.3370661351,259250.49214352723,262700.59375,483994,259683.62578125,0.18797120174403048,1.797249688000361
2025-12-04,279458.25,280443.99338624335,266150.71428571426,269107.94444444444,1994134,260525.04140625,6.3789944327067305,2.2917569260742754
2025-12-05,310509.15625,311987.7712797619,276008.1388888889,277979.6255952381,3892799,263163.0828125,11.111107383661057,3.266081854360805
2025-12-08,311002.03125,316423.6197503962,304101.8277040412,316423.6197503962,1913789,265508.4640625,0.1587312290408427,3.251797235930123
2025-12-09,302623.21875,307551.93566775246,297201.6301404723,303608.9621335505,1229611,267508.128125,-2.69413433292488,3.3352144362238696
2025-12-10,298187.34375,301637.44524793385,293258.62732438016,300158.8303202479,1173271,268968.69375,-1.46580788424715,3.346805417975468
2025-12-11,291287.125,302130.3005499154,291287.125,299665.9424703892,1465528,269937.8015625,-2.3140548700769648,3.4049129481705114
2025-12-12,297201.625,298680.24004975124,291287.16480099503,294737.2665837479,827283,271495.53125,2.030470794066175,3.3682187070174003
2025-12-15,289315.6875,293258.66109454853,289315.6875,292272.9176959114,798990,272707.7796875,-2.6533964947197064,3.441025961776181
2025-12-16,281922.625,297201.6483828671,280444.0098339161,292272.9311625874,1264096,273892.0859375,-2.555361779336629,3.4399539915173465
2025-12-17,281922.625,284386.98361013987,279951.1381118881,283894.11188811186,686802,275100.80078125,0.0,3.438238644922706
2025-12-18,278472.5,280936.85840707965,276008.14159292035,276501.0132743363,705877,276234.64140625,-1.2237843628194134,3.4487998965418765
2025-12-19,284386.9375,284386.9375,274529.5046577123,281429.70764731365,1210816,277786.24375,2.123885661959446,3.45011860479996
2025-12-22,284879.8125,286358.4274437716,280936.839316609,286358.4274437716,676748,279460.121875,0.17331140604865958,3.436323288289077
2025-12-23,282908.3125,288329.90037020907,281429.6976263066,286358.4138719512,699584,281035.425,-0.6920462291444385,3.4470084152322165
2025-12-24,284879.8125,295722.98875432526,282908.3259083045,284879.8125,1295368,282514.03984375,0.6968688839780857,3.4404601809316535
2025-12-26,281922.625,287837.08566433564,280936.88155594404,287837.08566433564,847245,283721.57734375,-1.0380474046401633,3.458488211466356
2025-12-29,289315.6875,289808.5591993186,278472.5101149915,280443.9969122658,697450,285298.76796875,2.6223728939811064,3.4879858279094167
2025-12-30,292272.875,293258.6182546374,285372.67221753794,286851.2870994941,628188,287368.828125,1.022131750114652,3.4001259159013695
2026-01-02,294244.40625,297694.5081658292,288822.81752512563,295230.14965452265,955205,288970.6625,0.6745515641846778,3.2867660563485104
2026-01-05,300158.84375,305580.4320607553,297694.4854269294,298187.3570915435,1292161,290843.575,2.010042459388295,3.2991798681872306
2026-01-06,303608.96875,325295.32366071426,299665.99512987013,313466.40280032466,3346949,292051.1109375,1.149433065804839,3.0225649674877593
2026-01-07,345503.03125,356839.07935092726,308537.65700784593,309523.40032097005,7764177,293800.8046875,13.798690688382376,3.5371162296338303
2026-01-08,335645.625,355853.3645374449,333181.26651982375,355853.3645374449,3053301,295032.984375,-2.8530592667557086,3.619646236852471
2026-01-09,360782.03125,363739.2610143443,335152.70662568306,344024.39591871586,3104258,297940.925,7.48897181365018,3.863479985054199
2026-01-12,361767.78125,378032.5452571526,353388.9634281335,377539.6736205722,3027809,301119.946875,0.27322591332630264,3.825637871080603
2026-01-13,400211.78125,407604.85602678574,372610.96875,375075.3270089286,5463622,306566.1796875,10.6267064101635,4.294683553711594
2026-01-14,405633.40625,407604.8930361482,392325.8704434994,400704.6892846294,2861932,311987.76875,1.3546890056725491,4.294470491858136
2026-01-15,415983.6875,418940.9175059242,399226.05079976306,403661.8958086493,2864894,318321.16875,2.5516343305366007,4.17603809208481
2026-01-16,407112.0,420419.53510895884,402183.28329297825,420419.53510895884,2589883,324580.6375,-2.1327008165434425,4.153257773399131
2026-01-19,473156.8125,480057.01601562503,413519.33925781253,414012.2109375,5990850,334142.346875,16.222762409361557,5.206762331871658
2026-01-20,472171.0625,489421.57104645093,453934.8106080376,486957.21268267225,5235613,343827.275,-0.20833473680567094,5.1708779630666974
2026-01-21,541173.0625,543144.5490664846,460834.9849157559,461327.8565573771,7830202,356666.58125,14.613771465505687,5.801534750832862
2026-01-22,521458.25,581588.5964083176,517515.27646502835,577645.622873346,7176207,368495.503125,-3.6429774255439806,5.9740561090766775
2026-01-23,502729.09375,535258.6233455882,492871.66053921566,522443.9601715686,4774169,379486.5421875,-3.5916885484120753,6.107856866796681
2026-01-26,485478.59375,507657.81884517765,483014.2354060914,491885.92544416245,3680159,389516.48125,-3.431370934059852,6.260549128482692
2026-01-27,481535.625,491885.9301432958,462313.6297338792,466256.6031218014,4492400,399497.13125,-0.8121817935458631,6.253317465646968
2026-01-28,485478.59375,498786.1288071066,483507.1070748731,497800.38546954317,2514604,409305.2765625,0.8188321995906245,6.27031292451932
2026-01-29,520472.5,521458.2433712121,486957.22537878784,493857.4289772727,5431226,420715.2578125,7.208125486995276,6.330454603040605
2026-01-30,492871.65625,509629.2925625,492871.65625,508643.54925000004,3032673,430646.6203125,-5.303035943301515,6.587193701900074
2026-02-02,471185.3125,499771.8691161088,466256.5958420502,479071.2591527197,2652237,439197.94375,-4.399998148605244,6.781101955422047
2026-02-03,484492.84375,487942.9453840285,466256.59225584945,480056.9987919634,2275995,448242.1375,2.8242669915565344,6.774057967406239
2026-02-04,496814.625,510615.03125,490407.29352678574,494843.13839285716,1706630,455807.7171875,2.543232868958145,6.238502876368231
2026-02-05,481535.625,500757.62026612076,476606.9082650972,485478.59838792216,1653286,463102.2171875,-3.0753925571333607,6.247811207300181
2026-02-06,460835.0,466256.58823529416,445555.97860962566,462806.4866310161,2023516,468104.865625,-4.298877159919368,6.25839599071881
2026-02-09,471185.3125,478085.5158211297,466256.5958420502,477099.77248953976,1518143,473575.7421875,2.245990972907874,6.255131044540994
2026-02-10,473649.6875,497800.39997398545,472171.07245057233,491885.9397762747,1738747,477247.6375,0.523016090404993,5.8762445649186015
2026-02-11,501743.34375,507657.80359774065,470199.5578953831,473649.6594732318,3270111,482053.134375,5.93131527190125,5.978976658003748
2026-02-12,498786.15625,504700.6166007905,490900.20911561267,504700.6166007905,1733637,486193.2578125,-0.5893825073787995,5.983666086286784
2026-02-13,491885.90625,502236.210890531,490407.29130135267,492378.77789954905,1147006,490431.953125,-1.3834084834827398,5.964859312541626
2026-02-19,505686.34375,515543.77735136455,488435.8349476121,496814.6535087719,1907584,492058.4296875,2.805617588275844,4.820366720084222
2026-02-20,501743.34375,508643.54690569744,496814.62721021613,508643.54690569744,1251835,493537.04375,-0.7797323476762319,4.826094481000889
2026-02-23,515543.75,533287.129541109,509629.29015296366,516529.4933078394,2094265,492255.578125,2.7504911468992477,3.5484150561957697
2026-02-24,516529.5,522443.9599236641,497800.37690839695,514558.0133587786,1490869,492009.140625,0.1912058869882438,3.453954156714709
2026-02-25,563845.25,575674.1713286713,524415.5122377622,527372.74256993,4149696,495064.9484375,9.16031901372525,3.9022326685192437
2026-02-26,602953.0,611863.6354679803,557409.7520525452,568300.5287356322,2894222,500938.66875,6.93590129561259,4.018873229510316
2026-02-27,667307.5625,680178.4798775965,584141.6348293768,586121.7759643917,4354409,510227.265625,10.67323033470271,4.51186274511998
2026-03-03,589092.0,651466.4470588235,588101.9294117647,647506.1647058823,3763225,515407.9359375,-11.721066401071988,5.4253187315328475
2026-03-04,496025.34375,587111.8340194611,492560.09683757485,554439.505988024,4855346,514185.578125,-15.798322885050208,6.413732019816726
2026-03-05,542558.625,576221.0214416058,534638.0611313868,559389.8232208029,2663493,516669.9265625,9.381230583543143,6.616605603185267
2026-03-06,547509.0625,558399.8395117541,524737.4378390596,526717.5791139241,1582300,520486.1140625,0.9124244407689552,6.50698680253746
2026-03-09,501965.78125,505926.0635478304,486124.6520586785,498995.56952662725,1913094,521359.7609375,-8.31826984598999,6.8091091635206595
2026-03-10,519787.0625,535628.1920238095,513846.6389285714,532657.9802380953,1270933,522508.3828125,3.5502980313959487,6.829450892536078
2026-03-11,524737.375,555429.5610849056,517806.8813679245,544538.7853773584,1415825,524668.4703125,0.9523731653094059,6.7790720063746255
2026-03-12,515826.78125,522757.2754318618,507906.2164707294,518796.9930422265,1146292,527418.059375,-1.6981054093964665,6.7035426595607
2026-03-13,511866.5,524242.3824951644,496025.3704061895,497015.4410058027,950437,529452.11875,-0.7677540976843145,6.702875225949823
2026-03-16,500975.71875,514836.7070158103,494045.22461709485,505926.0717020751,1348089,530818.4203125,-2.127660483739413,6.7313627874019835
2026-03-17,516816.84375,538598.3965517242,514836.7025862069,522757.2672413793,1346937,531572.0953125,3.162054448372409,6.6417117846150315
2026-03-18,539588.5,539588.5,524737.4403669725,530677.8642201835,930616,533612.2125,4.4061366275854885,6.6976461941486995
2026-03-19,516816.84375,524737.4084051724,515826.7731681035,515826.7731681035,770000,534858.759375,-4.2201893201949225,6.771807583050407
2026-03-20,511866.5,522757.27659574465,511866.5,521767.2059961315,1049264,535167.7671875,-0.9578526338422932,6.755833872235292
2026-03-23,480184.21875,496025.3476159794,480184.21875,495035.2770618557,1603262,534089.8109375,-6.18955943590761,6.907281815571381
2026-03-24,487114.71875,503945.9183816057,479194.1542174797,502955.8478150407,1082455,532668.359375,1.4433002438191789,6.886175969752419
2026-03-25,496025.34375,512856.54303892213,493550.16738398204,503945.9081212575,1102731,531643.1515625,1.8292662194371534,6.89894436539835
2026-03-26,485134.59375,494540.26444515307,481174.3113520408,491075.0173469388,954455,527707.61875,-2.195603538654878,6.5673225178169465
2026-03-27,490084.9375,493550.1845328283,462362.96123737376,467808.3494318182,1151726,522064.215625,1.0204062571037786,6.342386858681328
2026-03-30,464838.15625,467808.36811102234,456422.5559771033,463848.08562965924,942256,511940.7453125,-5.151511364292849,5.794829064845477
2026-03-31,441076.4375,459392.7429854097,440581.40221661056,454937.42543490464,1271113,504539.9671875,-5.111826219623083,5.360952725109662
2026-04-01,482659.40625,487609.75913461536,461372.8888461538,467313.3123076923,974266,503871.6703125,9.427610548795196,4.694983476257129
2026-04-02,460877.875,494540.27618152526,452462.27470461867,494045.2408700322,1331860,499787.6328125,-4.512816070286618,4.2340270660122785
2026-04-03,466323.21875,480184.2061438429,462362.93663747347,470778.5361265924,659219,495728.340625,1.1815155479095285,4.239935533108833
2026-04-06,464343.09375,472758.6935301173,460382.8115005331,464838.1290311834,553057,493847.20625,-0.4246250069442903,3.8436955823774603
2026-04-07,468303.375,476718.97476215643,460877.84579809726,472263.65724101476,704114,491273.021875,0.8528782495755616,3.7468774457182015
2026-04-08,502955.84375,504935.984867126,485134.5736958661,495035.27928149607,1291522,490183.9453125,7.3995769836166625,4.13181781386412
2026-04-09,484639.5625,508896.2923901941,482164.38598059246,504936.00995914196,990889,488624.584375,-3.6417274950888756,4.193002233336693
2026-04-10,484639.5625,494540.2685776302,484639.5625,493055.1626659857,814112,487263.2375,0.0,4.191323589564547
2026-04-13,473748.78125,481669.3460357889,469788.4988571055,471768.64005355275,637565,485901.890625,-2.2471919530919426,4.194315353389823
2026-04-14,486619.6875,496520.39324771106,484144.5110630722,487609.7580747711,778907,484392.0328125,2.7168209733521076,4.1766958536744125
2026-04-15,502955.84375,513846.6198941929,497015.42039862205,504935.984867126,867909,482560.4,3.357068501261562,4.121783021230949
2026-04-16,528697.6875,538598.3932584269,521767.19346910116,524737.4051966292,1524311,483154.4421875,5.118112070847181,4.1794183278087935
2026-04-17,532657.9375,542558.6426579925,525727.4438894052,541568.5721421933,724452,484194.0140625,0.7490575604229388,4.172044080592512
2026-04-20,521767.1875,535628.1754032258,520777.1169354839,527707.6108870968,835506,486273.1625,-2.0446048454877297,3.9296044981324396
2026-04-21,540578.5,542558.641025641,524737.3717948718,528697.6538461539,946609,488946.3515625,3.6053076833238107,3.986583418936449
2026-04-22,535628.1875,536618.2580868761,525727.4816312385,534638.1169131239,747125,490926.49375,-0.9157435044124029,3.9891556040366063
2026-04-23,526717.5,545528.8392857143,519787.00657894736,541568.557330827,1089561,493005.6390625,-1.6635957008890645,3.972259620106815
2026-04-24,507906.21875,520777.13657407404,504936.00694444444,519787.0659722222,1228355,493896.703125,-3.571417553052636,4.071198324177307
2026-04-27,518796.96875,527707.6037094465,509886.3337905534,514836.6865458015,930365,496594.64375,2.1442442714726173,3.883698979807937
2026-04-28,549489.1875,568300.5290540541,519787.06925675675,527707.6341216216,2585417,502015.28125,5.916036638369437,3.8090761516908667
2026-04-29,550479.1875,559389.821830036,540578.4826888489,559389.821830036,971755,505406.2703125,0.18016733040810973,3.278567120300482
2026-04-30,525727.5,554439.5480225988,525727.5,550479.2655367232,1150241,508648.7515625,-4.496389338970241,3.2771916344966514
2026-05-04,533648.0625,541568.627435065,526717.5681818182,539588.4862012988,854165,512014.99375,1.5065908669415151,3.2804537396301985
2026-05-06,544538.8125,558399.8004545454,535628.1773863636,539588.4596590908,1690524,516024.7796875,2.0408113071711975,3.281222170608548
2026-05-07,566320.375,590082.0690559441,552459.3868006993,573250.8690996504,2082177,520925.6296875,4.0000018364164,3.355963699920916
2026-05-08,606913.3125,640575.714824633,575231.0514885808,584141.6873980424,5020568,526123.503125,7.167839846835822,3.333055188799397
2026-05-11,639585.5625,647506.126741486,603943.0234133127,624734.5045472137,2569392,533870.803125,5.38334706573107,3.282668420558332
2026-05-12,639585.5625,695524.5474554953,599982.7412925697,666317.4668150155,4856178,541618.103125,0.0,3.282668420558332
2026-05-13,702950.125,702950.125,635625.3242957747,635625.3242957747,4051665,553078.1703125,9.907128336718829,3.665449021271967
2026-05-14,704930.25,722751.5203651686,685128.838483146,716811.0969101124,2399620,563993.6984375,0.2816878366726172,3.6827131026830116
2026-05-15,693049.4375,766809.6990625,671267.88375,717801.203125,4332789,573498.378125,-1.685388377077024,3.7520621278472883
2026-05-18,656416.8125,690079.2131410256,631665.0473227752,681168.5776772248,2218142,579884.334375,-5.28571599915626,3.9656032049311842
2026-05-19,598002.625,654436.6475579471,590082.0604304636,654436.6475579471,2679164,583151.56875,-8.89894749610789,4.560541296222961
2026-05-20,586121.75,598992.6668074324,564340.1984797297,595032.3847128379,1954219,586369.296875,-1.9867596735047788,4.55874137369719
2026-05-21,659387.0,665327.4234234234,600972.8363363363,607903.3303303303,1932919,592309.721875,12.500005331656784,5.241703603734771
2026-05-22,648496.25,660377.0973282444,635625.3320610687,659387.0267175573,997831,597953.125,-1.6516476666964874,5.259345047375232
2026-05-26,682158.625,687108.9778664731,660377.0723875181,672257.9192670537,1364781,605725.18125,5.190835721871956,5.293725805358812
2026-05-27,674238.0,686118.845814978,659386.9427312776,684138.704845815,1879670,614041.7703125,-1.1611119041410656,5.200435724872752
2026-05-28,672747.4375,709515.0227104874,646910.7560007385,704546.4301144755,2192520,621739.29375,-0.2210736416517589,5.213153484043343
2026-05-29,718458.5,734357.9965421853,696596.6922544952,699577.8478561549,3095790,630187.759375,6.794684000561513,5.256431866620301
2026-06-01,745288.9375,778081.6507499999,722433.4100833333,731376.8773333333,2720257,639928.246875,3.7344449957791515,5.270298191348132
2026-06-02,724420.8125,767150.7095336077,692621.8193587105,765163.2724622771,2316547,649862.9125,-2.8000046626212027,5.1789297625394655
2026-06-04,695603.0,722433.4014285714,687653.2514285714,703552.7485714286,1062671,657960.659375,-3.9780486704335316,5.334849023694847
2026-06-05,695603.0,710508.7785714286,645917.0714285715,686659.5328571429,1525982,665513.86875,0.0,5.342799568723037
2026-06-08,634986.1875,659829.1525821596,616105.5340375587,617099.252640845,1331906,668947.159375,-8.714282787739558,5.753349604404532
2026-06-09,634986.1875,662810.3083920188,616105.5340375587,655854.278169014,1610713,670350.803125,0.0,5.55082417711958
2026-06-10,598218.5625,648898.208160299,579337.9101951827,632998.7114825582,4959,668282.453125,-5.7903031158453295,5.581947977287938
2026-06-11,593250.0,594243.7185929648,557476.1306532663,566419.5979899497,1412678,665965.675,-0.8305597337595172,5.5835632613332775
2026-06-12,603187.1875,639954.77553542,600206.0317133443,631011.3081754531,1501032,660977.528125,1.675042140750116,5.077457488293012
2026-06-15,642935.9375,654860.5607612056,629023.8770285936,633992.4700540958,1099804,657877.8125,6.589786856173907,5.327578410764922
2026-06-16,635979.875,649891.934765625,623061.5337890625,643929.6234375,1286352,655024.334375,-1.0819215561425954,5.3211789211798015
2026-06-17,614118.0625,629023.8407160194,609149.4697613269,629023.8407160194,891522,652909.396875,-3.437500675630656,5.245469752458068
2026-06-18,597224.875,616105.5282861898,596231.15640599,615111.8096921798,928129,652870.509375,-2.7508045328010544,4.8762067555568755
2026-06-19,609149.5,627036.4347471452,586293.9722675367,602193.4698205546,1831967,654021.896875,1.996672526408072,4.867657439044372
2026-06-22,577350.5,596231.1531841652,577350.5,595237.4345955249,962320,649920.071875,-5.220229188401204,4.079692589297759
2026-06-23,507790.1875,579337.9242906066,504809.0318003914,578344.2057240704,1868817,642884.76875,-12.048194727466244,4.818507901067705
2026-06-24,505802.75,518721.0913555992,490400.1122298625,509777.62426326127,1238769,634066.975,-0.39138950474501,4.591080924873644
2026-06-25,499840.4375,520708.5273359841,497853.00037276343,516733.6530815109,1084499,625347.096875,-1.1787821438297819,4.591037932464014
2026-06-26,477481.78125,498846.7308792924,457607.40950182104,493381.2786485432,1567612,615583.8140625,-4.473158746785066,4.632682283585789
2026-06-29,493878.125,500834.15492957743,460091.6939134809,476984.9094567404,1190842,604354.7953125,3.4339202863564733,4.36559596018501
2026-06-30,491890.6875,502821.5916666666,482201.9315340909,501827.8731060606,786003,591684.8828125,-0.40241456330951664,4.185699630567681
2026-07-01,484437.8125,510771.35512820515,471519.4708333333,498846.7320512821,848321,579685.7328125,-1.5151486274071813,4.182150447861821
2026-07-02,478972.34375,497852.99630446057,454129.37986255187,471022.5953060166,1252976,568854.2,-1.1282085355382998,4.156301460326272
2026-07-03,488909.53125,490400.10908917687,455123.1002286586,474003.7528582317,968532,558519.5265625,2.0746892027625474,4.227902419914051
2026-07-06,498846.71875,509777.6229457171,481953.5031748008,489406.3923991534,793947,551712.553125,2.0325207149456626,3.958451196777351
2026-07-07,476488.0625,492387.55989311787,457607.4093456726,490896.98201251304,949321,543787.646875,-4.482069423254076,4.017995276811026
2026-07-08,459594.84375,481456.6525337838,450651.3765202703,466054.01452702703,917535,536856.4609375,-3.545360331036629,3.9174146284343077
2026-07-09,442701.625,460588.55934343435,430777.0021043771,457110.54433221096,1131600,529329.0421875,-3.6756763004915705,3.95347954507395
2026-07-10,454626.25,465060.2950819672,444689.06420765026,445185.92349726777,654103,521900.9953125,2.6936031689515527,4.001130012858116
2026-07-13,441211.03125,478972.3357263513,437733.01636402024,453632.5129856419,874265,511814.75,-2.9508236161022383,3.551210714288273
2026-07-14,421833.53125,431273.8576266196,400717.011723351,430776.9983436396,1300166,501107.4328125,-4.391889283706574,3.592746134221052
2026-07-15,431273.84375,436739.29568692396,421336.6584101383,430280.12521601387,941250,491965.221875,2.23792368331317,3.6932986915632076
2026-07-16,422330.375,428292.6861764706,409412.0341176471,420342.93794117647,791287,483220.496875,-2.073733169680547,3.686103879310092
2026-07-20,396493.71875,407424.62327694235,392021.9850798872,405437.1860902255,904770,472587.7078125,-6.117641017414388,3.710036731719983
2026-07-21,396493.71875,401462.31171679194,378606.7840695489,390531.4071898496,1118030,463544.86875,0.0,3.658993282190578
2026-07-22,415374.375,430280.15400717704,408915.20409689,410902.6412978469,877549,458924.078125,4.76190551253215,3.061780703080413
2026-07-23,429286.40625,430280.1247829861,413883.7689887153,416864.9245876736,717603,455098.2609375,3.3492752772724677,3.2087210774214685
2026-07-24,398481.15625,415871.2316474439,387550.25171446387,415871.2316474439,896066,450030.296875,-7.1759202135229465,3.5147935556592427
2026-07-27,400468.59375,408418.3425093052,391028.2670983251,407424.6239143921,563634,446179.6375,0.4987531954341984,3.436180952467215
2026-07-28,361713.5625,388047.1048248626,356744.9696085165,384072.2305116758,898415,439571.409375,-9.677420865166164,3.8122602506657923
2026-07-29,351279.5,379600.47807637905,336373.72206506366,367178.9964639321,1566493,432540.85,-2.8846202027605794,3.815928028894048
2026-07-30,348795.21875,366682.1530448718,341342.32946047006,343826.6258903134,961582,425758.7203125,-0.7072092877608904,3.8211298152576485
2026-07-31,385562.8125,389040.8275612113,363701.0035438144,367675.87789948453,1085656,421088.24375,10.541312430189386,4.683799637198925
2026-08-03,390531.40625,398978.01427321887,373638.1902035624,380594.2203403308,826843,416169.3375,1.2886600027070871,4.660104251032082
2026-08-04,390034.53125,394009.4054538217,373638.17515923566,393015.68690286623,680354,410728.728125,-0.12723048442406792,4.610554538424657
2026-08-05,401959.15625,408418.32686959207,397984.28202255873,398978.000579419,545657,407002.2828125,3.05732545315498,4.629540356244507
2026-08-06,397487.4375,412393.21640625,387550.2515625,398481.15609375003,527513,403896.9125,-1.1124808778379403,4.583821740222286
2026-08-07,393015.6875,403449.73230088496,384569.0798040455,398481.1395385588,415672,401412.615625,-1.1250041078342266,4.529589232863766
2026-08-10,405437.1875,407921.48399203434,390034.5492493873,393512.5643382353,458584,398953.1625,3.160560861835826,4.5480599494409
2026-08-11,400468.59375,408418.3425093052,397984.29726271715,403449.7495347395,327064,396916.040625,-1.2254903849933552,4.514817148658793
2026-08-12,406927.75,410405.76495726494,397984.282967033,400468.57936507935,411565,396170.7515625,1.6128995758484477,4.433338028455695
2026-08-13,415871.21875,428789.56007317797,412393.2037783751,416864.9373133214,590756,395400.6203125,2.1978026197525313,4.4322401104426765
2026-08-14,450154.5,453135.6556291391,418852.36589403974,421336.66225165565,1203960,396791.8265625,8.243725390049006,4.77603948476677
2026-08-18,432267.5625,456613.66659482755,424317.8142241379,456613.66659482755,864881,398580.51875,-3.973510761305288,4.643607359527974
2026-08-19,411399.5,419846.10809178744,403946.6105072464,413386.9371980676,552901,399325.8078125,-4.827580024582579,4.79586482542848
2026-08-20,414877.5,422330.3892215569,405437.1736526946,414380.6407185629,421243,399300.9640625,0.8454069584430624,4.68243822943014
2026-08-21,412393.21875,417858.6710466867,402456.0327560241,403946.61065512046,373056,398456.3046875,-0.5987987417972795,4.620972821385646
2026-08-24,411399.5,417361.8115942029,405437.1884057971,413386.9371980676,349740,399102.221875,-0.24096389194081524,4.311875863868373
2026-08-25,418355.53125,424566.2725096496,403449.7522268409,419349.2498515439,570222,399996.56875,1.6908215129089799,4.32375722231908
2026-08-26,405437.1875,431273.87101715687,403946.60960477946,424317.8408394608,949402,402182.75,-3.0878864470612832,3.733696717050268
2026-08-27,395500.0,411399.4974874372,392518.8442211055,408418.3417085427,1150372,404393.775,-2.4509807699867214,3.7133775107417692
2026-08-28,399500.0,404750.0,397500.0,399000.0,438365,406929.0140625,1.0113780025284402,3.699981818663656
2026-08-31,403500.0,405500.0,387000.0,391500.0,626542,407825.8734375,1.001251564455563,2.898598763303762
2026-09-01,400500.0,408000.0,396500.0,404000.0,383747,408324.303125,-0.743494423791824,2.896517228514868
2026-09-02,378000.0,391000.0,376000.0,389000.0,818127,407722.5765625,-5.61797752808989,3.1727515886054434
2026-09-03,382500.0,386000.0,374500.0,381500.0,164746,406749.61875,1.1904761904761862,3.1013486547747484
